Depreciación;Vida útil;Pago;Gasto;
Vida útil;Gasto;Pago;Depreciación;
Depreciación;Gasto;Vida útil;Pago;
Depreciación;Vida útil;Gasto;Pago;
Depreciación;Vida útil;Gasto;Pago;
Vida útil;Depreciación;Gasto;Pago;
Depreciación;Vida útil;Pago;Gasto;
Depreciación;Vida útil;Gasto;Pago;
Depreciación;Vida útil;Gasto;Pago;
Depreciación;Vida útil;Gasto;Pago;
Depreciación;Gasto;Vida útil;Pago;
Depreciación;Gasto;Vida útil;Pago;
Depreciación;Vida útil;Gasto;Pago;
Vida útil;Depreciación;Gasto;Pago;
Gasto;Depreciación;Pago;Vida útil;
Gasto;Vida útil;Depreciación;Pago;
Depreciación;Vida útil;Gasto;Pago;
Depreciación;Gasto;Vida útil;Pago;
Vida útil;Depreciación;Pago;Gasto;
Depreciación;Vida útil;Gasto;Pago;
Depreciación;Vida útil;Gasto;Pago;
Depreciación;Vida útil;Pago;Gasto;
Depreciación;Vida útil;Pago;Gasto;
Depreciación;Vida útil;Gasto;Pago;
Depreciación;Vida útil;Pago;Gasto;
Gasto;Depreciación;Vida útil;Pago;
Depreciación;Vida útil;Gasto;Pago;
Gasto;Vida útil;Pago;Depreciación;
Depreciación;Gasto;Vida útil;Pago;
Depreciación;Gasto;Vida útil;Pago;
Depreciación;Pago;Vida útil;Gasto;
Depreciación;Gasto;Vida útil;Pago;
Gasto;Vida útil;Depreciación;Pago;
Depreciación;Vida útil;Gasto;Pago;
Depreciación;Vida útil;Gasto;Pago;
Vida útil;Depreciación;Gasto;Pago;
Depreciación;Vida útil;Gasto;Pago;
Depreciación;Vida útil;Gasto;Pago;
Vida útil;Depreciación;Gasto;Pago;
Vida útil;Depreciación;Gasto;Pago;
Depreciación;Vida útil;Gasto;Pago;
Vida útil;Depreciación;Pago;Gasto;
Vida útil;Pago;Gasto;Depreciación;
Vida útil;Gasto;Depreciación;Pago;
Gasto;Vida útil;Depreciación;Pago;
Depreciación;Gasto;Vida útil;Pago;
Vida útil;Depreciación;Gasto;Pago;
Depreciación;Gasto;Vida útil;Pago;
Depreciación;Vida útil;Gasto;Pago;
Depreciación;Vida útil;Gasto;Pago;
Depreciación;Vida útil;Gasto;Pago;
Depreciación;Gasto;Vida útil;Pago;
Depreciación;Vida útil;Gasto;Pago;
Gasto;Pago;Depreciación;Vida útil;
Depreciación;Gasto;Vida útil;Pago;
Vida útil;Depreciación;Gasto;Pago;
Depreciación;Vida útil;Gasto;Pago;
Vida útil;Depreciación;Pago;Gasto;
Depreciación;Vida útil;Gasto;Pago;
Depreciación;Gasto;Vida útil;Pago;
Vida útil;Gasto;Depreciación;Pago;
Depreciación;Gasto;Vida útil;Pago;
Depreciación;Vida útil;Gasto;Pago;
Depreciación;Vida útil;Gasto;Pago;
Vida útil;Pago;Depreciación;Gasto;
Vida útil;Gasto;Depreciación;Pago;
Gasto;Vida útil;Pago;Depreciación;
Depreciación;Vida útil;Gasto;Pago;
Depreciación;Gasto;Vida útil;Pago;
Depreciación;Vida útil;Gasto;Pago;
Depreciación;Vida útil;Pago;Gasto;
Vida útil;Depreciación;Gasto;Pago;
Depreciación;Vida útil;Pago;Gasto;
Depreciación;Vida útil;Gasto;Pago;
Depreciación;Gasto;Vida útil;Pago;
Depreciación;Gasto;Vida útil;Pago;
Depreciación;Vida útil;Gasto;Pago;
Gasto;Vida útil;Depreciación;Pago;
Vida útil;Depreciación;Gasto;Pago;
Vida útil;Depreciación;Gasto;Pago;
Vida útil;Depreciación;Gasto;Pago;
Depreciación;Vida útil;Gasto;Pago;
Vida útil;Depreciación;Gasto;Pago;
Depreciación;Vida útil;Gasto;Pago;
Depreciación;Gasto;Vida útil;Pago;
Depreciación;Vida útil;Gasto;Pago;
Depreciación;Gasto;Vida útil;Pago;
Gasto;Vida útil;Depreciación;Pago;
Vida útil;Depreciación;Gasto;Pago;
Vida útil;Depreciación;Gasto;Pago;
Gasto;Vida útil;Depreciación;Pago;
Vida útil;Depreciación;Pago;Gasto;
Depreciación;Gasto;Vida útil;Pago;
Depreciación;Gasto;Vida útil;Pago;
Vida útil;Depreciación;Gasto;Pago;
Depreciación;Vida útil;Gasto;Pago;
Depreciación;Vida útil;Gasto;Pago;
Depreciación;Vida útil;Gasto;Pago;
Depreciación;Pago;Vida útil;Gasto;
Pago;Vida útil;Depreciación;Gasto;
Vida útil;Depreciación;Gasto;Pago;
Vida útil;Depreciación;Gasto;Pago;
Pago;Vida útil;Depreciación;Gasto;
Depreciación;Vida útil;Gasto;Pago;
Vida útil;Pago;Gasto;Depreciación;
Depreciación;Vida útil;Gasto;Pago;
Vida útil;Gasto;Depreciación;Pago;
Vida útil;Pago;Gasto;Depreciación;
Depreciación;Gasto;Vida útil;Pago;
Depreciación;Vida útil;Gasto;Pago;
Pago;Vida útil;Gasto;Depreciación;
Depreciación;Vida útil;Gasto;Pago;
Depreciación;Gasto;Vida útil;Pago;
Depreciación;Vida útil;Gasto;Pago;
Depreciación;Vida útil;Gasto;Pago;
Vida útil;Depreciación;Pago;Gasto;
Vida útil;Depreciación;Pago;Gasto;
Depreciación;Gasto;Vida útil;Pago;
Depreciación;Gasto;Vida útil;Pago;
Depreciación;Vida útil;Gasto;Pago;
Vida útil;Gasto;Pago;Depreciación;
Vida útil;Gasto;Depreciación;Pago;
Vida útil;Depreciación;Pago;Gasto;
Depreciación;Vida útil;Gasto;Pago;
Pago;Vida útil;Gasto;Depreciación;
Depreciación;Vida útil;Pago;Gasto;
Vida útil;Depreciación;Pago;Gasto;
Depreciación;Vida útil;Gasto;Pago;
Depreciación;Vida útil;Gasto;Pago;
Depreciación;Gasto;Vida útil;Pago;
Depreciación;Gasto;Vida útil;Pago;
Depreciación;Vida útil;Gasto;Pago;
Depreciación;Vida útil;Gasto;Pago;
Gasto;Depreciación;Vida útil;Pago;
Gasto;Vida útil;Depreciación;Pago;
Vida útil;Depreciación;Gasto;Pago;
Vida útil;Depreciación;Gasto;Pago;
Depreciación;Vida útil;Gasto;Pago;
Depreciación;Vida útil;Gasto;Pago;
Gasto;Depreciación;Vida útil;Pago;
Depreciación;Vida útil;Gasto;Pago;
Vida útil;Depreciación;Gasto;Pago;
Depreciación;Vida útil;Gasto;Pago;
Vida útil;Depreciación;Pago;Gasto;
Depreciación;Vida útil;Gasto;Pago;
Depreciación;Vida útil;Gasto;Pago;
Gasto;Vida útil;Pago;Depreciación;
Vida útil;Depreciación;Gasto;Pago;
Vida útil;Depreciación;Gasto;Pago;
Gasto;Vida útil;Depreciación;Pago;
Depreciación;Vida útil;Pago;Gasto;
Depreciación;Vida útil;Gasto;Pago;
Vida útil;Gasto;Depreciación;Pago;
Vida útil;Depreciación;Gasto;Pago;
Vida útil;Depreciación;Gasto;Pago;
Vida útil;Depreciación;Pago;Gasto;
Vida útil;Gasto;Depreciación;Pago;
Depreciación;Vida útil;Gasto;Pago;
Depreciación;Vida útil;Gasto;Pago;
Gasto;Vida útil;Depreciación;Pago;
Gasto;Vida útil;Depreciación;Pago;
Vida útil;Depreciación;Gasto;Pago;
Vida útil;Depreciación;Pago;Gasto;
Depreciación;Vida útil;Gasto;Pago;
Depreciación;Vida útil;Gasto;Pago;
Vida útil;Depreciación;Pago;Gasto;
Depreciación;Vida útil;Gasto;Pago;
Vida útil;Depreciación;Gasto;Pago;
Vida útil;Depreciación;Gasto;Pago;
Vida útil;Depreciación;Gasto;Pago;
Vida útil;Depreciación;Gasto;Pago;
Vida útil;Depreciación;Gasto;Pago;
Gasto;Vida útil;Depreciación;Pago;
Vida útil;Gasto;Pago;Depreciación;
Depreciación;Vida útil;Gasto;Pago;
Depreciación;Vida útil;Gasto;Pago;
Vida útil;Pago;Gasto;Depreciación;
Depreciación;Vida útil;Pago;Gasto;
Depreciación;Vida útil;Gasto;Pago;
